<?xml version="1.0"?>
<!DOCTYPE Configure PUBLIC "-//Mort Bay Consulting//DTD Configure//EN" "http://jetty.mortbay.org/configure.dtd">
<Configure class="org.mortbay.jetty.webapp.WebAppContext">
    <New id="kitchensink-ds" class="org.mortbay.jetty.plus.naming.Resource">
        <Arg>jdbc/simple_development</Arg>
        <Arg>
            <New class="com.mysql.jdbc.jdbc2.optional.MysqlConnectionPoolDataSource">
                <Set name="Url">jdbc:mysql://localhost/simple_development</Set>
                <Set name="User">root</Set>
                <Set name="Password">p@ssw0rd</Set>
            </New>
        </Arg>
    </New>
</Configure>
